booth_code,exhibitor_name
A1,SADEEPA BOOKSHOP
A2,SADEEPA BOOKSHOP
A3,SADEEPA BOOKSHOP
A4,SAMUDRA PUBLISHERS
A5,SAMUDRA PUBLISHERS
A6,SAMUDRA PUBLISHERS
A7,SAMUDRA PUBLISHERS
A8,SAMUDRA PUBLISHERS
A9,SAMUDRA PUBLISHERS
A10,SAMAYAWARDHANA BOOKSHOP
A11,SAMAYAWARDHANA BOOKSHOP
A12,SAMAYAWARDHANA BOOKSHOP
A13,PAPER CORNER
A14,PAPER CORNER
A15,PAPER CORNER
A16,POOBALASINGHAM BOOK DEPOT
A17,WISDOM BOOKS PVT LTD
A18,CGA BOOKS
A19,CGA BOOKS
A20,INTERNATIONAL BOOK HOUSE
A21,VIJITHA YAPA BOOKSHOP
A22,EXPOGRAPHIC BOOKSTORE
A23,NEPTUNE PUBLICATIONS
A24,NEPTUNE PUBLICATIONS
A25,NEPTUNE PUBLICATIONS
A26,NEPTUNE PUBLICATIONS
A27,GOOD READS
A28,NEPTUNE PUBLICATIONS
A29,NEPTUNE PUBLICATIONS
A30,NEPTUNE PUBLICATIONS
A31,NEPTUNE PUBLICATIONS
A32,NEPTUNE PUBLICATIONS
A33,ASHIRWADHA
A34,VIJITHA YAPA BOOKSHOP
A35,VIJITHA YAPA BOOKSHOP
A36,TIMEPLAN PUBLISHING PVT LTD
A37,TIMEPLAN PUBLISHING PVT LTD
A38,PERERA-HUSSEIN PUBLISHING HOUSE
A39,WISDOM BOOKS PVT LTD
A40,WISDOM BOOKS PVT LTD
A41,POOBALASINGHAM BOOK DEPOT
A42,POOBALASINGHAM BOOK DEPOT
A43,BRITISH COUNCIL
A44,BRITISH COUNCIL
A45,KUMARAN BOOK HOUSE
A46,SAMAYAWARDHANA BOOKSHOP
A47,SAMAYAWARDHANA BOOKSHOP
A48,SAMAYAWARDHANA BOOKSHOP
A49,JEYA BOOK CENTRE PVT LTD
A50,JEYA BOOK CENTRE PVT LTD
A51,JEYA BOOK CENTRE PVT LTD
A52,JEYA BOOK CENTRE PVT LTD
A53,JEYA BOOK CENTRE PVT LTD
A54,JEYA BOOK CENTRE PVT LTD
A55,JEYA BOOK CENTRE PVT LTD
A56,JEYA BOOK CENTRE PVT LTD
A57,JEYA BOOK CENTRE PVT LTD
A58,JEYA BOOK CENTRE PVT LTD
A59,JEYA BOOK CENTRE PVT LTD
A60,JEYA BOOK CENTRE PVT LTD
A61,JEYA BOOK CENTRE PVT LTD
A62,MAKEEN BOOKS
A63,MAKEEN BOOKS
A64,MAKEEN BOOKS
A65,MAKEEN BOOKS
A66,MAKEEN BOOKS
A67,MAKEEN BOOKS
A68,MAKEEN BOOKS
A69,MAKEEN BOOKS
A70,MAKEEN BOOKS
A71,MAKEEN BOOKS
A72,MAKEEN BOOKS
A73,SARASAVI BOOKSHOP
A74,SARASAVI BOOKSHOP
A75,SARASAVI BOOKSHOP
A76,SARASAVI BOOKSHOP
A77,SARASAVI BOOKSHOP
A78,SARASAVI BOOKSHOP
A79,ISLAMIC BOOK HOUSE - IBH
A80,ISLAMIC BOOK HOUSE - IBH
A81,SAMUDRA WETTASINGHE
A82,SAMUDRA WETTASINGHE
B83,SRI LANKA PHILATELIC BUREAU
B84,SAKHILA PRAKASHANA
B85,SARASWATHI PUBLICATIONS
B86,SARASWATHI PUBLICATIONS
B89,KURULU POTH PUBLISHERS
B90,KURULU POTH PUBLISHERS
B91,PANTHER
B9-A1,CENRAL BANK OF SRI LANKA
B93,SADEEPA BOOKSHOP
B94,SADEEPA BOOKSHOP
B95,GRAPHICARE
B105,HELADIVA PUBLISHERS
B106,HELADIVA PUBLISHERS
B107,NINE PUBLISHING
B108,KBOOKS PVT LTD
B109,KBOOKS PVT LTD
B113,KNOWLEDGE BANK
B114,KNOWLEDGE BANK
B115,KNOWLEDGE BANK
B116,KNOWLEDGE BANK
B117,KNOWLEDGE BANK
B118,KNOWLEDGE BANK
B119,KNOWLEDGE BANK
B120,KNOWLEDGE BANK
B121,RATHNA
B122,RATHNA
B123,FAST - SURASA
B124,FAST - SURASA
B125,FAST - SURASA
B126,FAST - SURASA
B127,GIHAN BOOK SHOP (W.O.T. FERNANDO)
B128,GIHAN BOOK SHOP (W.O.T. FERNANDO)
B129,GIHAN BOOK SHOP (W.O.T. FERNANDO)
B130,GIHAN BOOK SHOP (W.O.T. FERNANDO)
B131,RATHNA
B132,SOORIYA PUBLISHERS PVT LTD
B133,SOORIYA PUBLISHERS PVT LTD
B134,SOORIYA PUBLISHERS PVT LTD
B135,SOORIYA PUBLISHERS PVT LTD
B136,SOORIYA PUBLISHERS PVT LTD
B137,SOORIYA PUBLISHERS PVT LTD
B138,SOORIYA PUBLISHERS PVT LTD
B139,SOORIYA PUBLISHERS PVT LTD
B140,MARTIN WICKREMASINGHE BOOKS
C01,M D GUNASENA
C02,M D GUNASENA
C03,M D GUNASENA
C06,THARA PUBLICATIONS
C07,SAMANALA DANUMA PUBLISHERS
C08,SAMANALA DANUMA PUBLISHERS
C09,AKARSHA
C10,AKARSHA
C11,AKARSHA
C12,AKARSHA
C13,SATHARA
C14,SATHARA
C15,SATHARA
C16,SATHARA
C17,SATHARA
C18,AKURA BOOK PUBLISHERS
C19,AKURA BOOK PUBLISHERS
C20,BIOGRAPHIC EDUCATIONAL PUBLICATIONS
C21,THE CEYLON BIBLE SOCIETY
C22,SAYURA PUBLICATIONS
C23,SAYURA PUBLICATIONS
C24,READING PLANET
C26,SANDAKADA PUBLISHING
C27,RANMUTHU PUBLISHERS
C28,COLOMBO YOUNG MEN'S BUDDHIST ASSOCIATION
C29,SOUNDS & CO
C30,BMICH MUSIUM
D01,SUSARA PUBLICATIONS
D02,SUSARA PUBLICATIONS
D03,ATLAS HALL PVT LTD
D04,JEEWANA PUBLISHERS
D06,PRABHA PUBLISHERS
D07,TIKIRI PUBLISHERS PVT LTD
D08,SAMADHI PRAKASHANA
D09,EPA BOOK SHOP
D10,SERI PUBLICATION
D11,SOORIYAKANTHA PUBLISHERS
D12,SARADA PUBLICATIONS
D13,SARASAVI BOOKSHOP
D14,ASHIRWADHA
D15,ASHIRWADHA
D16,ASHIRWADHA
D17,ASHIRWADHA
D18,ASHIRWADHA
D21,UDAYA BOOK PUBLISHERS
D22,UDAYA BOOK PUBLISHERS
D25,KADULLA PUBLICATIONS
D27,PROGRESSIVE PUBLISHING HOUSE PVT LTD
D28,SUBHA PUBLISHERS
D29,SUSARA PUBLICATIONS
H03,MINSARA PUBLISHERS
H04,MINSARA PUBLISHERS
H05,MINSARA PUBLISHERS
H06,MINSARA PUBLISHERS
H08,THOTHANNA PUBLISHING HOUSE
H09,SHIKSHA MANDIRA PUBLICATIONS
H10,NATIONAL LIBRARY AND DOCUMENTATION SERVICES BOARD
H11,DENUMA PUBLISHERS
H12,AGAHAS PUBLISHERS
H13,PRIYANKARA BOOKSHOP
H14,DIGITAL ARENA
H17,MAKKMILAN BOOK DEPOT
H18,MAKKMILAN BOOK DEPOT
H19,COLORCRAFT
H20,COLORCRAFT
H21,IMASHI
H22,IMASHI
H23,IMASHI
H24,M D GUNASENA
H25,M D GUNASENA
H26,M D GUNASENA
H27,M D GUNASENA
H28,M D GUNASENA
H29,M D GUNASENA
H30,IMASHI
H31,IMASHI
H32,IMASHI
H33,COLORCRAFT
H34,COLORCRAFT
H35,AHASA BOOKS
H36,AHASA BOOKS
H37,SHAAKYA PUBLICATIONS
H38,DEEN THE BOOKMAN
H39,DEEN THE BOOKMAN
H40,SITHUWILI PUBLICATION
H41,LUMINEX BOOK SHOP PVT LTD
H42,SARATH BOOKS
H43,MAPED
H44,MAPED
H45,ARATUWA
H46,ARATUWA
H47,ARATUWA
H48,ARATUWA
H49,IBMC
H50,IBMC
H51,IBMC
H52,IBMC
H53,IBMC
H56,CHEMAMADU PUBLICATION
H57,CHEMAMADU PUBLICATION
H58,WARNASOORIYA BOOK SHOP
H59,WARNASOORIYA BOOK SHOP
H61,KUMARA S PATHIARANA PUBLISHERS
H62,KUMARA S PATHIARANA PUBLISHERS
H63,PREMASIRI BOOK SHOP
H64,THE READING BOOK HOUSE PVT LTD
H65,THE READING BOOK HOUSE PVT LTD
H66,SHAN PRINT AND GRAPHIC SYSTEM
H67,SHAN PRINT AND GRAPHIC SYSTEM
H68,IBMC
H69,IBMC
H70,IBMC
H71,IBMC
H72,IBMC
H73,ARATUWA
H74,ARATUWA
H75,ARATUWA
H76,ARATUWA
H77,WARNA GRAPHIC
H78,WARNA GRAPHIC
H79,WARNA GRAPHIC
H80,WARNA GRAPHIC
H84,PETERS BOOK SHOP
H85,RICHARD
H86,RICHARD
H87,DESHAPPRIYA PUBLICATION
H90,ONEERO BOOK SHOP
H91,DEDUNNA BOOKS
H93,BOOKRACK PVT LTD
H94,BOOKRACK PVT LTD
H95,BOOKRACK PVT LTD
H96,BOOKRACK PVT LTD
H97,THRIMANA PUBLICATIONS
H98,ANANDA PUBLISHERS
H99,ANANDA PUBLISHERS
H100,AGASARA PUBLICATIONS
H101,AGASARA PUBLICATIONS
H102,DOMS - SPEED - LINK
H103,DOMS - SPEED - LINK
H104,OFFICE WORKS
H105,OFFICE WORKS
H106,RUHUNU STATIONERY
H107,RUHUNU STATIONERY
H108,RASAKATHA PUBLISHERS
H109,DINISA PUBLICATION
H111,LAKE HOUSE PRINTERS & PUBLISHERS
H112,STORYFLIX PRIVATE LIMITED
H113,CRAFTS INSTERNATIONAL
H114,PK PUBLISHERS
H115,SULEKA PUBLISHERS
H116,OFFICE WORKS
H117,OFFICE WORKS
H118,DOMS - SPEED - LINK
H119,DOMS - SPEED - LINK
H120,AGASARA PUBLICATIONS
H121,AGASARA PUBLICATIONS
J01,MASITHA BOOK PUBLISHERS PVT LTD
J02,MASITHA BOOK PUBLISHERS PVT LTD
J03,MASITHA BOOK PUBLISHERS PVT LTD
J04,MASITHA BOOK PUBLISHERS PVT LTD
J09,MIHIRA BOOK PUBLISHERS
J10,MIHIRA BOOK PUBLISHERS
J11,THARANGA PUBLISHERS
J12,THARANGA PUBLISHERS
J13,THARANGA PUBLISHERS
J14,SCITECH BOOKSHOP
J15,SCITECH BOOKSHOP
J16,PRATHIBHA PUBLISHERS
J17,PRATHIBHA PUBLISHERS
J17-A,PRATHIBHA PUBLISHERS
J18,SAMAGI PUBLISHERS
J19,SAMAGI PUBLISHERS
J20,SAMAGI PUBLISHERS
J21,SANKHA PUBLISHERS
J22,SANKHA PUBLISHERS
J23,SANKHA PUBLISHERS
J24,SANKHA PUBLISHERS
J25,S AND T GROUP
J26,S AND T GROUP
J27,S AND T GROUP
J28,DARSHANA PUBLISHERS
J29,DARSHANA PUBLISHERS
J30,SAMPATH BANK
J33,SANDESHAYA
J34,SANDESHAYA
J35,SAMA PUBLISHERS
J36,SUNERA PUBLISHERS
J37,SUNERA PUBLISHERS
J38,SAMUDRA PUBLISHERS
J39,SAMUDRA PUBLISHERS
J40,SAMUDRA PUBLISHERS
J41,SAMUDRA PUBLISHERS
J42,ASHIRWADHA
J43,GODAGE
J44,SUSARA PUBLICATIONS
J45,SUSARA PUBLICATIONS
J46,SUSARA PUBLICATIONS
J47,SUSARA PUBLICATIONS
J48,SUSARA PUBLICATIONS
J49,IMASHI PUBLISHERS
J50,IMASHI PUBLISHERS
J51,IMASHI PUBLISHERS
J52,S.D.WIJETHUNGA PUBLICATIONS
J53,S.D.WIJETHUNGA PUBLICATIONS
J54,ARIYA PUBLISHERS
J54 - A,ARIYA PUBLISHERS
J55,WASANA BOOKSHOP
J56,WASANA BOOKSHOP
J57,WASANA BOOKSHOP
J58,AKURA BOOK PUBLISHERS
J59,AKURA
J60,AKURA
J61,AKURA
J62,AKURA
J63,AKURA
J64,WASANA BOOKSHOP
J65,WASANA BOOKSHOP
J66,WASANA BOOKSHOP
J67,MALPIYALI PUBLISHERS PRIVATE LIMITED
J67-A,MALPIYALI PUBLISHERS PRIVATE LIMITED
J68,MULTI BOOK SHOP
J69,MULTI BOOK SHOP
J70,IMASHI PUBLISHERS
J71,IMASHI PUBLISHERS
J72,IMASHI PUBLISHERS
J73,SUSARA PUBLICATIONS
J74,SUSARA PUBLICATIONS
J75,SUSARA PUBLICATIONS
J76,SUSARA PUBLICATIONS
J77,SUSARA PUBLICATIONS
K01,WEERODARA
K02,JEYA BOOK
K03,KAVIVARA PUBLISHERS
K04,KAVIVARA PUBLISHERS
K05,KEHELI PRAKASHAKAYO
K06,KEHELI PRAKASHAKAYO
K07,KEHELI PRAKASHAKAYO
K08,GRANTHA PRIVATE LIMITED
K09,GRANTHA PRIVATE LIMITED
K12,AHAS PUBLISHERS
K13,PILOT PENS
K14,STATE PRINTING CORPORATION
K15,STATE PRINTING CORPORATION
K19,DIYALUMA PUBLISHERS
K20,SANDAMADAVEE PUBLISHERS
K21,SAKURA ART STORE
K22,BUDDHI PUBLISHERS
K23,SANDINI BOOK PUBLISHERS
K24,SANDINI BOOK PUBLISHERS
K25,SANDINI BOOK PUBLISHERS
K26,SANDINI BOOK PUBLISHERS
K27,SILIKA PUBLICATIONS
K28,SILIKA PUBLICATIONS
K31,NICHOLI BOOK SHOP
K32,NICHOLI BOOK SHOP
K33,DEPARTMENT OF OFFICIAL LANGUAGES
K34,SURENDRA PRAKASHANA
K35,SARVODAYA VISHVA LEKHA
K36,NATIONAL INSTITUTE OF EDUCATION
K37,SHRIWI PUBLISHERS
K38,SANTHAWA PRAKASHANA
K39,SANTHAWA PRAKASHANA
L,GODAGE PUBLUSHER
M,SARASAVI
P,MUSES BOOKS
Q,MASTER GUIDE
R,RATHNA
S,BUDDHIST CULTURAL CENTRE
T,PACKSCO
